ID,y
1,87.25968
2,103.06018
3,86.457695
4,77.408585
5,110.5915
8,91.54565
10,109.8227
11,93.96157
12,116.73543
14,94.38329
15,116.52638
16,107.0745
17,95.89155
19,94.81203
20,105.001945
21,101.45149
22,116.654305
23,97.56155
26,95.063805
28,94.99336
29,97.56155
33,97.56155
35,94.1433
41,95.89155
42,94.96814
43,116.59512
45,103.110985
46,103.745415
51,94.571205
53,81.35538
55,113.553246
56,94.0027
57,103.71576
58,95.371735
59,103.63145
63,112.716225
64,94.58714
65,105.001945
69,93.99836
71,96.7225
72,103.786766
73,94.68111
76,104.11772
77,104.46262
78,115.55192
82,94.69077
83,105.001945
84,94.2592
85,103.93899
87,112.678665
88,95.89155
89,113.61218
91,93.97288
93,94.553665
94,106.85773
95,93.856
96,111.90367
97,94.341156
98,112.5579
99,94.09875
101,103.94608
103,113.61218
104,94.61823
105,112.194435
110,95.6017
111,112.51874
113,112.80748
114,94.458115
115,112.2496
117,113.61218
120,94.18996
121,112.516594
122,94.44758
123,114.42638
126,112.76098
132,112.913994
135,104.0078
137,104.19744
138,94.69077
140,94.00903
142,112.16002
144,112.68632
148,93.72438
149,112.8376
155,93.76296
156,112.63645
157,94.341156
162,112.6883
163,95.573204
167,94.36861
172,116.59512
179,114.345055
180,94.5719
181,112.276855
182,95.39509
183,113.61218
185,113.61218
187,113.272964
188,94.69077
189,94.571205
191,94.10394
192,111.83574
193,94.67662
194,113.00209
195,93.9209
196,113.61218
198,95.25217
199,112.68632
201,104.073395
204,94.601265
205,107.169754
206,94.39095
210,94.340324
211,103.94608
216,112.68632
219,116.73543
220,93.11137
221,111.931145
226,112.276855
227,93.9975
228,112.68632
230,112.56188
231,94.341156
235,116.654305
236,93.818375
238,112.4668
242,104.168465
243,93.97288
244,78.74539
245,111.64479
247,112.70039
248,94.36895
249,94.483734
250,112.229515
251,93.818375
253,116.654305
254,94.40991
256,94.67662
257,93.58322
258,112.88967
259,93.97288
262,79.799774
266,94.41328
267,112.753265
272,103.71578
273,113.61218
275,94.93935
276,113.05003
279,95.214714
280,105.001945
283,94.155716
285,112.591064
288,113.61218
289,95.2593
290,104.16865
291,94.45989
292,112.01873
293,112.216866
296,94.4506
297,112.93437
298,115.55192
299,94.69077
304,94.01933
305,93.0139
306,94.36216
307,112.276855
311,109.59755
313,112.276855
314,94.10394
316,93.70875
324,94.236694
327,94.89945
329,94.22838
330,113.00209
337,105.96532
338,95.27173
339,103.85006
340,94.58714
343,93.86971
345,116.52638
346,93.74394
347,112.753265
349,112.41619
350,93.45214
352,113.08367
353,93.637665
354,79.12842
357,94.58137
358,112.639496
362,112.66304
364,117.177086
365,103.92745
366,94.217606
367,113.114426
368,94.66454
370,78.67818
373,95.16044
377,93.93207
378,112.27587
382,104.11772
384,112.68632
390,93.68413
392,114.13363
393,112.22842
395,94.5695
396,105.06201
399,78.57016
406,112.276855
408,112.276855
409,94.82728
410,78.38488
412,112.96107
413,93.74539
419,93.856
420,112.09343
421,93.88655
430,102.81752
434,94.571205
436,94.56531
437,94.0027
438,93.86971
439,112.4668
440,93.97288
443,112.79173
446,94.601265
448,93.856
452,94.467575
453,103.810844
457,103.67357
458,94.571205
459,115.31291
460,103.708244
462,104.15434
464,103.91729
465,116.73543
467,118.23014
471,112.65379
472,78.96774
473,94.12907
475,94.69947
480,94.45942
488,111.44931
490,112.276855
491,103.85083
492,78.95819
493,94.67662
497,93.34145
498,112.370285
499,94.686195
500,103.745415
501,94.571205
502,112.70039
506,81.01841
510,112.31528
511,94.10394
512,94.22838
516,94.19449
518,93.93207
519,112.65801
521,93.44687
522,112.17298
526,112.31647
529,93.94185
532,112.30614
533,94.01026
536,113.563095
537,103.70228
539,94.69077
540,103.85083
541,94.682556
543,94.571205
546,112.90455
547,93.818375
548,79.24517
551,93.67065
552,103.91729
556,103.8463
557,95.52946
558,113.114426
559,94.69077
560,107.0745
562,107.169754
566,94.23983
570,112.370285
571,94.0027
572,105.001945
573,94.69077
575,116.73543
576,112.13609
577,93.327705
579,93.96584
580,112.48364
581,112.913994
589,112.276855
591,103.2124
593,94.68312
594,103.25388
595,94.46478
598,93.57539
602,112.1959
604,112.76098
606,112.21683
608,93.92836
609,103.94608
610,94.4817
616,111.49432
617,95.0179
618,102.93645
620,103.91626
622,112.79837
623,93.39256
624,145.20224
626,112.41258
628,112.53702
629,94.458115
630,112.56188
637,94.43112
638,104.28996
643,95.08378
645,94.45942
646,118.08258
648,97.24474
652,93.98031
653,94.0027
654,112.370285
656,112.96372
657,94.33368
659,94.101036
660,103.709114
663,93.91483
664,112.63654
666,105.07548
668,112.36425
669,94.01026
671,95.3883
675,94.043526
677,94.05238
678,111.64479
679,104.99018
682,94.54248
685,103.7712
687,94.69077
688,94.10711
693,112.49542
696,94.69041
698,93.90296
701,94.61848
704,103.936035
705,116.73543
709,113.029816
710,94.20376
711,104.63214
712,94.1111
714,111.85597
715,93.806015
716,112.276855
717,94.492485
720,116.52638
721,94.10394
724,102.22837
725,94.48173
726,112.30542
728,112.37632
731,93.84164
734,103.91626
738,94.00031
745,112.39396
746,94.01933
751,78.91038
754,94.07791
756,93.68964
758,94.19373
759,111.83237
761,116.7681
766,95.35273
767,112.55521
768,93.39256
769,112.68632
770,94.78404
771,78.95819
772,105.39533
773,93.67065
774,112.163124
776,112.68632
777,94.297615
780,116.59512
782,103.85083
787,103.20607
788,94.69077
792,93.6641
793,112.54016
798,94.47916
800,93.66255
806,112.276855
809,112.68632
811,112.943016
812,93.43052
814,116.73543
816,103.6037
817,94.69077
818,111.1091
820,113.119644
823,94.571205
829,93.84748
830,111.98481
831,92.7588
834,112.035614
839,94.67662
841,79.0168
844,103.94608
845,94.571205
848,94.01933
850,100.28595
851,103.91729
852,93.53974
854,93.43792
855,95.50447
856,103.24956
859,103.42238
861,112.163124
864,93.99661
865,112.25192
866,94.10288
867,93.77811
869,94.28711
871,93.64412
872,112.276855
882,103.27046
883,94.571205
885,94.47683
888,94.89945
893,112.276855
901,111.64479
903,103.85083
904,95.05364
905,103.94664
910,94.71602
911,112.350075
914,113.47359
918,113.978836
921,93.54456
928,94.67662
929,104.041725
932,94.10685
933,107.43538
934,94.71602
935,112.753265
937,79.05851
939,94.69077
940,103.81512
941,94.67662
942,103.61987
943,94.19221
944,103.81087
947,112.276855
949,112.56085
951,111.96081
952,94.45989
953,103.85083
954,78.22079
957,112.68632
959,93.520485
960,116.38444
963,116.73543
965,112.276855
967,103.60372
971,94.67662
972,78.73561
973,94.33934
974,112.68632
975,94.58711
978,119.40487
980,113.08367
981,94.686195
984,113.46784
986,94.71602
988,93.39256
989,112.01491
990,103.099625
992,111.64479
996,94.00903
999,112.76098
1000,93.6795
1001,112.25192
1002,93.39256
1003,112.68632
1004,93.80993
1008,112.09899
1009,93.6427
1010,106.78809
1012,118.57358
1013,94.31794
1014,114.179504
1015,93.86093
1016,116.73543
1019,93.86093
1020,112.63654
1021,94.71602
1022,103.84095
1024,94.71602
1025,79.099236
1027,94.346275
1028,105.44055
1029,93.77169
1030,94.36466
1033,112.68632
1036,94.75232
1037,111.92279
1038,94.14059
1042,94.69077
1043,103.7729
1044,94.571205
1045,112.47554
1047,114.79003
1050,94.571205
1051,112.276855
1054,94.571205
1056,94.686195
1057,94.571205
1059,94.35626
1062,100.634125
1063,104.02612
1064,94.686195
1066,93.23044
1070,104.957306
1076,112.47554
1077,102.820755
1078,112.18867
1080,112.90552
1082,112.29231
1083,94.89945
1089,112.84095
1091,94.89945
1093,94.40153
1097,95.15906
1099,94.227234
1101,94.71602
1103,94.57471
1104,112.25602
1106,112.34302
1109,94.558914
1110,112.793045
1111,92.82085
1112,112.8034
1114,94.571205
1116,94.93269
1117,112.6673
1120,94.107
1124,112.472374
1125,94.603714
1126,112.41155
1134,112.54422
1137,94.483734
1138,112.41258
1144,112.28319
1145,94.46478
1146,94.10394
1148,94.67662
1150,94.23287
1152,103.94608
1153,94.39095
1154,103.94608
1155,94.69077
1157,94.15176
1162,94.69077
1165,112.68632
1166,93.96245
1167,103.98662
1168,94.71602
1169,103.42238
1171,116.654305
1172,95.05748
1173,103.42238
1174,94.67662
1176,95.84753
1177,103.822205
1178,94.58137
1182,112.73154
1186,94.45942
1187,113.264626
1188,94.483734
1189,116.59512
1191,105.424126
1192,94.69077
1197,111.72328
1198,93.41836
1200,78.93729
1201,94.67662
1203,95.76326
1209,116.73543
1214,105.1868
1218,112.16606
1222,94.95525
1226,95.02131
1228,94.35595
1230,94.13198
1232,79.328476
1233,102.8668
1236,114.79003
1238,94.07932
1241,112.28319
1244,104.16903
1246,95.04476
1247,113.08367
1250,113.07273
1251,94.458115
1254,114.07409
1255,94.20376
1256,111.7807
1257,93.63864
1258,94.26749
1259,112.276855
1260,94.56634
1263,112.28319
1267,78.57232
1268,112.01295
1271,94.69077
1272,112.276855
1274,104.07052
1275,94.69077
1276,112.276855
1277,94.02123
1279,94.10394
1281,94.36912
1282,94.483734
1283,112.82793
1285,112.30289
1286,94.483734
1289,112.44751
1296,112.37729
1299,94.23287
1301,94.00903
1306,93.73726
1307,94.58137
1308,93.9209
1313,112.276855
1314,94.79619
1315,112.793045
1316,94.2736
1317,112.276855
1319,94.22838
1323,94.45942
1324,103.97924
1325,94.552185
1328,104.218216
1329,95.05364
1330,112.163124
1331,93.77422
1332,103.9651
1337,97.5623
1338,112.30854
1339,93.44687
1340,112.68518
1343,112.98613
1347,105.47667
1348,94.82515
1349,105.64928
1352,94.25247
1354,95.996056
1359,112.82334
1360,94.86455
1363,112.425385
1364,94.72601
1365,104.171234
1366,94.54299
1372,94.7716
1375,104.313675
1376,94.719734
1378,93.51657
1379,113.50258
1380,94.86455
1381,103.57091
1384,112.459305
1387,94.3814
1388,112.50335
1392,79.09166
1394,103.652084
1395,94.53182
1396,112.425385
1398,94.61331
1399,112.425385
1400,94.18172
1401,94.37148
1403,94.82515
1404,111.59119
1406,112.425385
1407,94.719734
1408,112.43172
1410,78.607925
1412,112.425385
1413,94.8393
1415,94.94472
1420,112.43172
1422,112.31459
1423,111.99199
1424,112.43172
1425,94.967224
1426,78.607925
1427,95.91179
1429,93.9804
1430,112.29071
1431,95.653
1432,103.89411
1434,112.89049
1437,94.8393
1438,104.29567
1440,112.37054
1441,112.65938
1442,94.7299
1444,112.693245
1445,94.94472
1446,104.09461
1448,94.385605
1453,94.97581
1454,112.425385
1455,94.8393
1456,111.902565
1458,112.425385
1459,94.270485
1461,94.42342
1465,94.3814
1466,112.033424
1469,94.60795
1472,94.97581
1474,94.49647
1477,112.9465
1479,112.66002
1482,94.20697
1483,79.559296
1487,94.494804
1488,112.518814
1490,112.77047
1492,112.19212
1494,116.74365
1496,103.086586
1497,95.28657
1499,95.677986
1502,94.29714
1507,112.51691
1508,94.25247
1509,112.75527
1511,94.16786
1512,112.289474
1513,115.37848
1514,103.77999
1518,112.615326
1519,93.781
1522,112.68555
1524,79.085815
1527,94.7299
1529,94.289604
1532,103.98121
1536,112.71041
1537,116.771034
1539,105.17176
1542,112.570724
1543,94.719734
1544,103.951866
1545,78.79713
1550,94.719734
1551,112.17063
1554,107.11011
1556,104.09461
1559,93.78717
1560,78.80626
1562,94.83401
1566,93.781
1567,112.71041
1569,103.639305
1570,112.95193
1571,112.62407
1574,94.25247
1578,103.99936
1580,93.62627
1583,113.122375
1584,94.25247
1585,112.62097
1586,94.63335
1587,112.83485
1588,93.57384
1590,115.15547
1592,103.13523
1596,126.297485
1598,111.30755
1599,94.719734
1604,116.5268
1606,102.93213
1607,94.8393
1608,103.27189
1609,116.68991
1611,94.71487
1613,95.16081
1616,94.77299
1619,112.58828
1620,94.112656
1621,112.40628
1622,94.719734
1625,111.79332
1627,116.68991
1629,112.7741
1634,94.42189
1636,93.819176
1638,103.751366
1639,94.82515
1641,95.91179
1643,94.53182
1644,103.56029
1645,116.74365
1646,94.37593
1647,107.11011
1648,94.7218
1652,93.62627
1653,112.76714
1656,94.446724
1658,94.719734
1659,113.11501
1661,94.19568
1663,94.8393
1664,113.337616
1665,94.8393
1666,104.09461
1667,103.41057
1668,79.95614
1669,103.3546
1670,94.608444
1672,112.83485
1674,114.32803
1677,112.518814
1678,94.04648
1679,112.63379
1680,94.852715
1683,104.09517
1686,104.09461
1687,112.31459
1689,113.262955
1690,94.47511
1691,116.56199
1692,112.87256
1693,94.25247
1695,94.719734
1696,94.97581
1697,113.11501
1700,104.09461
1701,94.13428
1702,112.83485
1703,93.92216
1704,113.04359
1706,94.9028
1707,113.61637
1708,94.7218
1710,95.11804
1711,104.06582
1713,105.64719
1717,104.06968
1719,103.99936
1720,94.719734
1722,94.63763
1725,103.13523
1726,94.7218
1727,104.21897
1729,112.1346
1730,93.88579
1731,112.28607
1733,104.09461
1734,94.8393
1735,112.31459
1738,95.16081
1742,93.48054
1745,114.32803
1747,94.13428
1749,94.7218
1751,94.7218
1752,79.007935
1753,105.8164
1754,94.719734
1755,94.848
1756,104.62523
1758,112.739204
1759,94.8393
1760,104.31718
1761,113.272194
1762,94.16976
1763,112.556274
1764,92.09129
1766,95.17721
1768,94.82515
1769,77.49436
1771,112.417564
1772,93.61013
1773,105.41994
1774,94.80684
1775,112.16542
1777,112.83485
1779,94.8393
1780,105.150475
1787,93.92216
1788,93.79636
1790,94.7218
1796,112.71041
1801,93.49744
1803,94.556496
1807,112.71041
1809,114.07951
1812,94.22785
1813,112.88287
1814,94.75476
1815,113.00043
1816,94.910965
1818,94.37691
1820,94.14163
1821,114.93856
1822,94.8393
1825,94.040565
1826,104.06582
1828,94.7218
1831,103.795296
1836,112.3555
1837,94.82515
1841,94.49647
1844,103.259514
1848,93.79636
1851,105.17176
1852,94.93506
1853,94.04648
1854,112.808495
1856,94.481346
1859,114.07951
1860,94.7218
1861,79.32439
1863,105.47616
1865,94.82515
1866,105.17176
1867,94.53182
1868,94.04803
1872,94.82515
1879,94.638245
1880,103.974594
1882,94.481346
1885,104.09517
1887,103.99306
1888,94.20862
1890,113.34699
1894,95.25032
1895,103.01128
1896,94.734276
1897,112.891174
1900,112.68555
1901,93.78717
1902,112.49679
1905,94.13378
1906,111.294754
1912,103.99936
1915,94.33206
1916,105.20006
1917,94.94809
1918,104.06582
1920,78.40091
1923,95.08418
1924,105.483475
1925,94.7218
1930,116.68991
1932,112.425385
1933,94.37593
1934,112.970245
1935,93.34696
1940,78.607925
1941,93.41875
1942,112.736
1943,94.375175
1944,93.78717
1945,111.01522
1948,116.771034
1949,94.37691
1952,94.59916
1954,94.25247
1955,112.43172
1958,94.17279
1959,78.37508
1960,112.556274
1963,94.749794
1965,94.62409
1968,104.09517
1969,94.72601
1971,94.523834
1972,112.415924
1973,93.781
1975,93.92216
1977,94.885254
1978,94.830185
1979,112.49701
1981,93.92216
1982,112.89049
1987,112.66653
1988,93.781
1993,95.61317
1997,93.4514
1999,94.4652
2001,95.16081
2002,114.649315
2003,94.72043
2004,79.015495
2006,112.78887
2007,93.94276
2009,105.24573
2010,94.63763
2013,95.29327
2018,78.310646
2022,104.200584
2024,112.06234
2025,94.849464
2026,105.64928
2030,105.150475
2031,94.719734
2032,103.99936
2033,94.50812
2035,93.66566
2036,112.736
2037,94.27091
2040,95.25032
2043,114.08343
2044,105.31417
2046,103.75067
2054,112.69863
2055,94.82515
2056,105.150475
2059,94.17523
2060,93.78717
2062,93.91865
2063,113.33215
2066,95.25032
2067,112.31459
2072,94.82392
2073,113.00824
2074,95.4487
2075,114.60727
2076,93.69094
2080,94.3976
2082,93.78717
2085,112.12103
2087,112.38473
2091,113.13685
2092,94.53182
2093,105.150475
2098,94.481346
2101,112.556274
2102,94.37691
2103,78.607925
2105,105.17176
2106,94.8393
2107,115.19392
2110,94.616104
2114,94.95267
2115,112.736
2117,81.11889
2118,93.775696
2119,105.14719
2120,94.7218
2122,94.25553
2123,112.61919
2126,94.523834
2127,104.18204
2128,94.49647
2129,112.51785
2132,97.03894
2135,104.09461
2138,94.49167
2139,116.68991
2141,112.05268
2142,93.91474
2146,94.71873
2151,112.54529
2157,103.84995
2159,112.71777
2162,94.8393
2164,116.67578
2167,94.608185
2168,112.20364
2171,93.612785
2173,94.73288
2174,103.875244
2175,94.524155
2178,94.829636
2180,95.16081
2185,112.56111
2189,93.51486
2190,112.31459
2192,103.2611
2194,113.60649
2200,113.20639
2201,94.72043
2203,111.88214
2204,94.72043
2205,112.311264
2209,112.459305
2213,104.11363
2214,94.35229
2215,112.933945
2216,94.72043
2218,93.41875
2219,105.87308
2220,94.86455
2222,92.88529
2223,112.64631
2225,113.05391
2226,94.55122
2230,94.29481
2233,111.87438
2234,112.52031
2235,94.72043
2236,79.007935
2237,93.89161
2240,114.785065
2241,94.16786
2248,104.171234
2249,93.92295
2250,112.570724
2252,112.34174
2253,95.087875
2254,112.44075
2256,78.449234
2258,94.25247
2259,112.1236
2262,95.25032
2265,94.8393
2266,103.76153
2269,94.166885
2271,95.653
2273,94.04648
2274,112.39117
2275,94.72043
2277,94.35229
2279,94.72043
2280,78.80626
2282,95.16081
2283,103.08498
2288,93.781
2289,112.42546
2291,94.7218
2292,116.89896
2297,94.86455
2298,104.06582
2299,94.5953
2300,112.94442
2301,94.519485
2304,94.82515
2305,103.970566
2306,95.25032
2308,93.786194
2309,114.016846
2311,107.829834
2312,103.85546
2316,104.06582
2321,104.06582
2322,112.32927
2325,103.84645
2326,93.66834
2329,116.89896
2330,94.35229
2331,103.97073
2332,112.31459
2333,95.25032
2334,103.13523
2335,111.92923
2337,112.42447
2338,93.68202
2340,112.31459
2342,94.79168
2345,94.6814
2349,95.35982
2351,78.50353
2352,94.7218
2354,112.43172
2355,120.22048
2357,113.05391
2358,94.76055
2360,94.600914
2361,112.43172
2364,94.7299
2366,96.87103
2369,103.38347
2370,94.71487
2371,111.87438
2373,119.81578
2374,94.630226
2376,112.83485
2378,112.24342
2382,95.653
2383,94.31867
2386,103.9594
2387,95.02692
2389,94.13378
2390,112.33487
2392,95.50697
2398,112.31459
2399,94.7218
2400,94.72867
2401,112.39558
2402,94.719734
2404,94.37691
2407,112.64134
2408,112.2014
2409,113.12186
2412,81.55004
2413,95.00063
2415,94.23541
2420,111.27126
2422,94.24644
2423,103.082954
2426,95.08925
2432,94.22785
2434,93.88579
2435,94.13378
2436,112.5568
2438,112.29754
2440,112.736
2443,94.50385
2444,94.37691
2447,104.171234
2450,94.8393
2454,94.40559
2455,112.43478
2459,95.25032
2460,112.70957
2463,94.37593
2465,94.50123
2468,78.607925
2469,94.72043
2474,93.482475
2478,92.560234
2480,94.37691
2481,114.785065
2489,95.16081
2490,105.150475
2492,93.34696
2496,95.25032
2497,112.941376
2500,94.7218
2505,95.25032
2507,93.61912
2508,112.311264
2509,95.053505
2510,79.33996
2513,93.92216
2515,95.16081
2518,94.31867
2519,112.10565
2520,94.31867
2521,113.410225
2523,112.38968
2525,94.35229
2529,112.4308
2530,94.72043
2533,112.39066
2535,94.26607
2538,103.562744
2544,111.82468
2553,112.56111
2556,94.06354
2558,94.05008
2559,116.26271
2560,94.35229
2561,112.57144
2562,94.224815
2563,111.90815
2564,93.88579
2565,111.87438
2567,104.237434
2572,94.5953
2575,94.7218
2576,113.65408
2577,92.23053
2578,94.63026
2579,112.37865
2580,93.786194
2582,113.023155
2583,94.582184
2587,93.37478
2589,112.39429
2590,94.7299
2591,112.4308
2594,94.35068
2597,94.81307
2598,103.99936
2599,94.94472
2600,103.200096
2602,111.5874
2603,94.5953
2604,104.31406
2606,112.4674
2607,79.007935
2608,94.82392
2613,112.311264
2614,94.6996
2615,112.78887
2617,112.916794
2620,94.3814
2623,113.792046
2624,95.20441
2627,112.311264
2629,79.007935
2630,94.00946
2632,94.494804
2636,94.054985
2639,94.008484
2640,105.46724
2642,112.4308
2644,104.09461
2646,112.92315
2647,94.26403
2649,94.616104
2650,107.278534
2652,104.09461
2653,102.25978
2655,108.48975
2657,112.31459
2659,112.425385
2662,94.413925
2663,114.785065
2664,94.4955
2665,103.460014
2670,94.39284
2671,103.83688
2672,94.03431
2675,104.09461
2677,112.89662
2679,113.68271
2683,112.76479
2684,94.910965
2685,94.275665
2688,103.89411
2689,94.58064
2690,103.64344
2693,94.25808
2694,112.24637
2697,96.97763
2699,94.7218
2703,94.97876
2705,103.860634
2709,79.18157
2710,94.07335
2711,113.235565
2712,93.27108
2713,94.56878
2714,113.76071
2715,93.8084
2717,93.92216
2718,111.27895
2720,112.56114
2721,94.616104
2726,95.205124
2728,94.29081
2731,103.27798
2732,112.43172
2734,94.03722
2736,103.99936
2737,94.54299
2738,103.08236
2739,112.92682
2746,93.41875
2749,103.13523
2751,116.74365
2752,104.24071
2753,94.82515
2757,105.24573
2758,94.849724
2759,112.664734
2760,94.616104
2762,112.55263
2764,94.94809
2765,111.64922
2769,113.04359
2771,112.66213
2774,94.6885
2776,93.94109
2777,116.74179
2778,93.78717
2779,112.493095
2782,93.328835
2784,94.3976
2787,94.171
2789,94.73288
2792,94.31504
2798,94.94472
2799,103.99936
2800,94.616104
2801,79.24646
2802,94.281654
2804,94.481346
2807,104.171234
2808,94.877014
2809,129.9312
2811,115.587524
2812,94.82515
2814,93.57384
2816,94.616104
2817,112.99469
2818,111.70741
2820,112.74756
2821,78.83849
2822,94.856804
2823,104.027466
2824,94.616104
2826,93.834145
2829,92.56544
2834,94.297195
2835,79.11123
2838,94.967224
2839,112.71206
2840,94.16976
2841,112.67102
2842,95.25032
2846,112.93704
2848,94.66893
2849,93.538475
2850,113.76071
2851,94.8393
2853,93.9274
2854,112.4308
2858,112.60012
2861,94.558815
2864,93.34696
2865,114.785065
2866,112.1346
2867,93.57905
2868,112.294716
2870,112.69258
2877,94.616104
2878,112.311264
2880,112.74534
2882,78.69247
2883,95.03368
2884,103.9594
2885,94.41668
2887,95.16081
2888,112.34996
2889,95.06698
2890,104.09461
2891,107.829834
2892,116.771034
2893,94.48581
2898,113.51425
2899,93.82241
2900,112.89011
2901,96.57382
2909,94.86455
2910,112.48094
2911,112.201485
2913,112.8543
2914,95.410934
2918,93.97697
2919,111.68331
2920,94.51934
2921,112.311264
2922,95.4382
2923,103.3546
2925,112.36407
2926,93.786194
2927,112.52031
2929,112.615326
2933,93.468185
2934,112.83683
2936,112.04263
2941,103.41063
2942,94.07335
2943,112.39117
2945,104.057335
2950,93.92849
2951,112.62407
2953,117.52168
2954,94.700714
2955,104.08383
2956,95.91179
2960,95.996056
2962,93.92894
2963,104.44882
2964,104.09461
2966,78.80626
2967,95.49569
2968,113.24681
2969,93.92216
2971,94.37691
2972,94.86455
2974,94.35258
2975,113.66546
2977,116.74365
2980,112.516495
2981,95.09804
2983,94.8393
2984,104.62339
2985,116.89896
2986,104.2188
2987,94.86455
2989,93.538315
2990,112.309074
2991,94.481346
2992,77.49436
2995,96.97763
2996,103.38395
3002,113.374054
3004,112.6685
3005,116.8037
3006,94.849724
3010,95.03368
3011,105.458534
3014,93.786194
3015,94.380394
3016,94.8393
3017,112.26767
3018,94.03722
3021,103.3546
3024,103.99936
3028,93.41875
3030,93.78717
3032,94.481346
3039,94.734276
3040,106.90589
3041,97.118835
3043,94.60664
3044,112.61919
3046,111.87401
3055,94.270485
3056,113.05405
3058,94.04648
3059,112.2948
3061,116.771034
3063,103.98121
3066,94.608444
3067,103.99936
3068,78.90151
3069,94.616104
3072,115.587524
3073,112.83485
3074,94.27919
3077,93.67904
3082,95.75243
3084,96.97763
3085,113.58714
3088,104.09461
3091,93.40585
3092,112.96933
3093,95.21336
3094,103.27798
3096,112.970245
3097,93.88579
3098,78.69247
3102,115.37848
3106,94.19867
3109,94.25247
3111,93.33703
3112,116.8037
3113,94.82515
3115,94.82392
3116,112.54597
3117,94.72043
3121,113.21443
3122,93.57303
3123,94.7218
3124,104.221924
3125,94.8393
3126,103.09131
3127,116.56199
3129,95.70049
3130,112.35354
3132,103.97063
3134,107.022194
3135,95.52026
3137,78.81224
3138,94.481346
3140,95.24879
3144,112.71041
3145,95.46615
3146,112.78887
3147,94.82515
3148,103.865395
3149,103.84645
3150,112.918884
3151,94.39312
3152,94.53182
3155,97.39095
3156,113.76071
3159,93.845535
3161,94.41233
3162,105.54386
3163,94.77299
3165,102.987274
3172,94.3814
3173,114.32817
3176,94.64311
3177,104.06968
3179,113.66546
3183,92.847694
3186,94.56377
3187,102.99622
3189,111.88214
3190,95.08122
3192,116.56199
3193,94.3814
3194,112.28616
3197,94.8393
3198,94.82515
3200,95.19329
3201,117.22852
3202,94.82515
3204,95.25032
3205,94.196144
3206,112.83485
3208,103.79358
3210,103.3546
3211,94.302605
3212,116.771034
3213,93.57309
3214,112.12587
3216,104.09461
3219,94.59611
3220,112.24637
3221,94.82515
3226,108.825516
3227,94.83664
3228,112.16625
3229,94.125336
3232,78.607925
3233,95.01263
3234,94.11098
3236,94.71873
3238,112.4308
3239,112.289474
3240,93.98023
3247,112.423134
3249,103.97073
3252,118.321526
3253,94.616035
3254,103.951866
3255,94.32306
3256,113.42756
3257,94.58614
3262,94.638245
3263,104.09461
3264,95.91179
3266,112.15131
3267,95.16244
3269,94.412254
3272,116.89896
3274,94.8393
3275,104.06743
3277,94.700714
3279,95.74302
3280,105.45435
3283,95.29607
3285,95.16081
3287,94.88621
3288,103.99936
3290,104.43849
3291,93.89161
3298,112.34174
3299,94.7299
3302,111.23337
3303,94.09451
3304,104.33207
3307,93.52364
3309,94.17585
3314,78.90151
3316,112.90951
3317,95.2042
3319,95.10378
3320,114.023315
3321,94.4652
3322,104.45434
3324,94.11437
3326,93.49086
3329,111.87401
3330,93.88579
3331,112.78887
3335,116.771034
3337,94.47142
3338,104.90538
3339,95.19415
3340,112.54359
3341,94.561806
3343,94.60664
3346,93.4852
3348,94.1271
3351,103.99936
3352,116.89896
3355,93.92216
3356,113.622116
3358,104.237434
3359,94.93506
3360,112.4963
3371,113.141396
3372,94.82515
3374,95.58273
3377,112.486275
3378,92.88529
3380,105.41994
3382,94.66893
3386,94.82515
3389,112.76644
3391,103.732864
3393,94.60188
3394,104.190254
3395,95.08925
3397,112.311264
3398,94.419044
3399,79.29845
3400,95.194664
3404,104.06582
3407,112.38142
3409,105.35532
3419,94.700714
3421,94.29218
3425,94.658875
3427,79.05553
3428,116.89896
3429,112.28887
3431,93.889694
3435,94.719734
3436,113.66546
3439,96.10241
3441,94.99983
3442,116.89896
3443,94.638245
3444,103.13523
3445,94.50579
3446,112.20576
3449,93.78717
3453,93.41875
3457,94.2723
3460,103.99936
3461,94.60927
3462,94.97581
3464,103.98121
3465,78.90151
3466,95.194664
3467,104.06582
3468,94.600914
3469,103.951866
3470,102.8893
3472,112.4308
3473,94.04662
3475,94.26284
3476,112.68555
3478,105.54386
3479,95.42405
3483,93.89161
3484,104.06968
3485,95.626686
3487,94.60664
3488,112.35207
3496,112.570724
3497,94.481346
3499,95.653
3500,78.91268
3501,94.7218
3504,94.83369
3508,105.150475
3511,94.06943
3512,112.726585
3515,94.37691
3517,94.5953
3518,104.56438
3526,112.95408
3528,124.293495
3529,94.30377
3530,112.64395
3531,94.37691
3532,111.97919
3533,94.166855
3534,94.82515
3535,78.742455
3536,94.614006
3537,112.34174
3538,93.81499
3539,112.2014
3540,104.05426
3545,112.56111
3546,93.92216
3550,103.49585
3551,94.07394
3553,94.73288
3554,103.99936
3557,93.89161
3558,112.49701
3559,93.78717
3561,93.89161
3562,112.311264
3563,94.619415
3564,103.99936
3565,94.50579
3567,94.25247
3571,103.99936
3572,94.8393
3574,94.7218
3576,94.82515
3577,112.25698
3578,94.7218
3579,94.82515
3583,94.7299
3585,94.89522
3586,104.06582
3587,112.71041
3593,94.60664
3594,112.3452
3595,94.734276
3599,94.8393
3600,103.951866
3601,112.4308
3602,93.78717
3604,94.700714
3609,117.13327
3610,113.13634
3612,112.22241
3614,115.93891
3615,94.82515
3617,96.09546
3618,112.78887
3619,112.15131
3620,112.1327
3621,94.82515
3625,95.268906
3626,102.95742
3630,103.2611
3631,94.479774
3632,104.54391
3633,95.53683
3634,112.78887
3637,93.94485
3639,94.48955
3640,113.008
3641,94.60664
3644,113.622116
3645,94.82515
3646,94.262634
3647,93.482475
3648,112.311264
3653,112.83485
3654,94.82392
3655,114.09994
3659,103.08498
3660,94.52429
3662,113.531425
3666,94.60664
3668,95.0242
3671,94.25553
3673,94.25633
3674,112.76205
3675,94.35789
3681,93.37706
3682,112.83485
3686,112.12587
3687,93.98023
3692,79.16533
3695,112.78887
3696,94.82515
3699,112.6678
3705,113.11863
3707,78.607925
3708,95.08925
3709,112.94026
3710,94.481346
3712,94.608444
3715,112.83485
3716,94.524155
3720,112.8825
3722,78.607925
3726,95.194664
3728,94.05991
3729,113.18525
3731,103.08236
3735,114.34847
3736,96.331535
3739,102.987274
3741,112.3175
3743,103.68135
3744,94.686195
3745,112.68632
3746,94.21009
3751,94.20936
3753,94.6
3760,112.53512
3761,94.83744
3762,111.93349
3763,94.22838
3765,93.70311
3768,113.6564
3769,94.67662
3770,104.39377
3773,112.10671
3774,95.76326
3776,94.69077
3778,94.24459
3779,112.47866
3780,93.43239
3781,112.56188
3782,94.95046
3783,112.37178
3784,94.37015
3786,95.15906
3789,112.17933
3790,94.87481
3793,112.12955
3795,112.59681
3797,94.5189
3798,116.86335
3800,113.51693
3804,95.76326
3810,94.92709
3815,112.73154
3816,95.76326
3818,103.75797
3824,112.28227
3828,103.707214
3830,112.02047
3831,95.17339
3832,78.859406
3834,112.68632
3835,94.342575
3836,111.950356
3838,95.125206
3839,116.73543
3840,114.13938
3845,93.89389
3846,112.276855
3847,94.44677
3849,78.74332
3853,112.29366
3855,105.001945
3856,94.68312
3864,78.34209
3865,94.40752
3866,113.775215
3867,94.106895
3868,113.51693
3869,94.79619
3871,94.33368
3875,103.85083
3876,94.44758
3878,93.99163
3879,112.56188
3881,113.51693
3883,112.207436
3884,94.133125
3886,112.22202
3890,95.15906
3893,112.6941
3897,104.38535
3901,94.24988
3902,112.44335
3913,112.8376
3914,94.483734
3916,94.155716
3917,112.68632
3924,104.92798
3925,94.530426
3928,95.237595
3929,112.41155
3932,93.32541
3933,103.94608
3934,78.844925
3935,93.19843
3936,94.48173
3937,112.276855
3938,94.11754
3939,111.950356
3943,92.440895
3944,112.28227
3945,112.73154
3946,93.856
3947,112.67664
3948,95.13608
3949,112.28227
3950,94.467575
3951,112.165375
3952,94.82728
3953,112.943016
3961,115.31291
3962,94.22838
3966,94.467575
3967,103.708244
3968,95.15317
3969,113.517006
3970,95.50447
3971,105.001945
3973,93.409546
3974,112.37178
3975,112.753265
3977,94.815025
3979,112.836105
3985,94.564285
3986,105.30076
3988,112.34661
3991,94.39446
3992,103.86339
3993,94.16845
3994,94.67539
3995,112.02047
4005,112.785416
4007,94.67662
4008,103.54893
4009,94.868225
4010,112.96629
4011,79.192535
4012,93.885826
4013,105.02323
4015,112.404854
4016,112.546005
4018,113.51693
4025,94.69077
4026,113.61218
4028,113.03843
4029,95.76326
4031,94.31513
4032,112.73154
4033,93.008026
4034,104.015495
4037,93.89895
4038,103.12945
4039,94.571205
4041,94.79619
4042,112.4686
4043,94.601265
4044,103.94608
4045,93.65884
4046,112.91313
4047,95.42404
4048,104.31475
4049,94.67662
4051,95.34512
4052,112.37178
4058,103.85083
4062,112.240875
4064,112.2778
4067,94.67662
4068,78.75298
4070,93.626335
4072,116.96965
4074,112.897026
4075,94.236694
4076,112.77897
4077,94.5719
4078,113.61218
4080,103.94608
4082,113.28522
4085,94.44677
4086,114.71389
4088,113.61218
4089,94.46831
4092,78.65773
4094,94.106895
4095,112.753265
4096,93.530525
4097,103.68135
4102,94.36861
4105,116.216324
4107,112.27117
4111,94.37015
4112,104.2051
4113,94.45592
4114,118.85562
4115,94.039154
4116,112.78206
4117,94.571205
4118,94.79619
4119,112.30521
4120,94.43274
4122,80.10754
4125,94.38848
4126,112.753265
4129,112.68632
4134,112.95722
4137,94.458115
4141,103.737595
4142,96.502716
4144,95.125206
4145,104.92798
4146,95.73656
4150,94.44574
4151,79.084854
4154,94.67662
4156,95.10246
4157,112.87818
4159,112.546005
4160,94.53287
4161,112.47866
4168,94.686195
4171,103.94664
4172,105.08039
4173,95.76326
4175,92.05391
4176,103.94608
4177,95.125206
4178,103.2505
4179,94.504745
4181,111.78576
4183,95.76326
4184,112.68632
4185,94.37832
4186,112.43339
4188,119.473305
4190,112.22202
4192,94.20215
4193,112.6941
4194,112.37178
4195,94.72792
4196,78.859406
4202,95.76326
4203,104.36442
4208,95.434204
4209,112.79971
4210,94.92548
4211,111.8384
4212,116.86335
4214,105.39533
4215,94.67662
4216,112.56494
4217,94.22838
4219,95.15906
4222,112.276855
4224,79.080605
4231,105.305824
4232,95.76326
4234,94.82728
4236,95.125206
4237,103.85083
4240,94.44574
4242,104.47486
4243,95.082436
4247,94.483734
4248,112.56682
4249,93.83371
4254,103.099625
4263,94.54493
4265,112.51702
4267,112.31323
4268,112.30614
4271,113.00798
4272,94.67662
4273,112.06697
4274,94.01087
4276,94.2637
4278,94.69077
4280,94.76562
4281,112.413185
4283,95.35773
4284,112.62377
4285,94.68811
4286,112.20354
4287,95.49579
4288,112.848946
4289,93.70412
4290,81.514435
4293,94.10394
4296,112.079895
4297,94.483734
4299,93.63864
4303,113.22241
4310,94.71602
4312,104.041725
4318,103.85083
4320,112.71375
4322,94.3527
4323,115.98699
4325,105.39533
4326,112.68632
4328,103.91626
4330,104.041725
4332,111.94065
4333,93.95149
4335,94.323326
4336,111.38788
4338,105.02323
4341,94.489716
4342,105.41124
4344,103.85083
4347,95.24167
4348,103.94608
4351,107.95415
4352,94.67662
4353,113.14255
4355,103.330505
4356,94.44677
4359,105.42867
4360,94.69077
4361,94.61923
4364,94.80454
4365,104.022705
4368,95.02868
4372,94.54913
4374,93.18217
4376,94.79463
4377,103.8511
4380,94.686195
4383,105.27106
4384,94.69077
4385,102.347534
4389,94.13301
4391,94.67662
4392,112.01298
4393,94.815025
4395,93.66732
4396,112.162735
4398,112.51444
4399,105.03034
4401,94.13674
4406,94.453354
4408,104.041725
4412,103.94608
4415,94.28804
4418,112.6883
4419,93.18217
4420,78.71963
4422,112.28227
4423,93.18217
4425,94.31428
4428,112.38495
4431,113.67358
4434,92.898544
4436,94.67662
4437,112.06293
4439,116.73543
4440,94.78081
4441,113.062294
4444,94.68119
4445,105.39533
4446,94.453354
4447,112.44584
4452,103.91729
4456,113.00798
4457,94.35726
4458,112.716225
4460,94.44677
4461,116.73543
4462,94.20936
4465,103.418976
4466,103.66566
4468,95.6017
4469,104.041725
4472,111.78576
4475,94.571205
4478,94.433815
4479,114.01146
4480,94.44574
4483,79.00146
4484,93.38314
4485,105.39584
4486,95.50447
4488,94.45693
4489,103.94664
4490,94.60957
4491,111.659325
4492,94.69077
4493,108.18972
4494,94.571205
4495,103.77915
4498,78.66371
4499,96.18675
4500,105.16118
4503,112.63654
4505,103.418976
4506,94.07487
4507,94.49484
4508,103.85083
4510,112.68632
4511,93.74539
4513,95.84753
4516,78.51058
4519,94.11931
4521,93.97288
4531,95.04476
4532,78.809364
4533,104.118996
4534,114.41897
4536,103.85083
4537,94.35726
4539,94.30215
4542,102.934425
4545,93.70412
4549,93.73726
4551,94.44574
4554,103.745415
4556,112.3186
4559,112.33677
4561,112.239845
4562,112.27864
4566,112.299446
4569,93.856
4570,112.162735
4573,94.67662
4574,103.23542
4575,94.28804
4577,94.571205
4578,112.276855
4580,112.97856
4582,93.19843
4583,112.28227
4585,94.08658
4587,103.85083
4595,94.01933
4596,113.0333
4601,95.04476
4602,112.40831
4603,94.686195
4605,113.08367
4606,94.61786
4607,113.14735
4608,94.20376
4610,95.237595
4613,103.91729
4617,94.01873
4618,112.28319
4619,94.20215
4620,94.147125
4622,106.57469
4625,94.44677
4626,103.85083
4627,94.686195
4629,93.709915
4631,94.37832
4633,103.85083
4634,116.916885
4635,93.23044
4639,94.15236
4640,105.524864
4642,103.708244
4644,112.69665
4646,103.85083
4647,95.42404
4648,77.67577
4649,93.856
4650,112.34549
4655,93.73726
4660,94.20376
4661,113.59087
4662,93.14676
4663,112.44439
4665,95.124245
4666,112.13443
4667,103.708244
4668,94.98718
4670,94.10394
4671,112.17762
4672,94.67662
4673,103.91729
4675,104.03407
4676,94.52089
4677,111.987335
4680,94.76562
4682,94.467575
4683,112.71952
4685,103.94608
4686,94.24431
4688,112.55678
4690,111.687035
4692,112.731
4693,93.71724
4697,93.92226
4700,112.32524
4702,112.476524
4707,116.8438
4708,94.555145
4710,79.66472
4716,103.189865
4717,94.99353
4718,94.67958
4720,95.34597
4721,79.34231
4723,95.57782
4726,112.83991
4727,93.99493
4729,93.77902
4731,95.15314
4732,112.36063
4735,94.08125
4736,104.1501
4737,94.79457
4738,112.14197
4739,112.46185
4744,104.055016
4747,94.477905
4749,113.63804
4750,94.555145
4752,112.46727
4755,95.338165
4756,103.6573
4757,112.82753
4758,95.066765
4759,103.15513
4763,94.99353
4764,103.75402
4765,94.30083
4766,96.0006
4767,113.32081
4769,112.572525
4770,94.75936
4771,78.60414
4772,104.03583
4774,112.55678
4776,114.182465
4777,112.12449
4778,94.66056
4780,94.60086
4784,94.60086
4786,95.46148
4787,78.86136
4788,96.989174
4789,112.46727
4791,104.04647
4792,94.57316
4795,112.68042
4796,94.336754
4803,93.97564
4805,95.34597
4807,93.526054
4809,94.21232
4816,93.96438
4817,79.99274
4818,93.8601
4820,94.67958
4821,103.208
4823,112.79469
4824,94.86307
4825,114.1839
4829,102.33888
4830,95.871635
4831,115.85631
4833,105.519615
4836,94.59211
4837,112.55678
4838,93.660545
4840,94.580986
4841,78.65231
4842,92.95806
4843,113.13976
4844,94.053
4849,109.87003
4851,104.083565
4852,94.303085
4858,93.96931
4860,95.871635
4863,112.424675
4864,95.57782
4865,112.21683
4867,113.104744
4868,94.11846
4869,112.64539
4873,93.367165
4875,95.26846
4876,113.006714
4877,94.24139
4878,112.468185
4880,78.86136
4886,113.07377
4888,104.055016
4889,95.26743
4890,113.19588
4893,94.56827
4895,94.316574
4896,104.03583
4899,94.824814
4901,94.08125
4902,112.51993
4903,94.680275
4904,112.46727
4910,94.43496
4912,94.10148
4915,95.9571
4916,104.31348
4917,94.15532
4920,104.03583
4927,104.025665
4928,93.491516
4931,104.025665
4934,93.89873
4936,94.57316
4939,113.40741
4942,112.82287
4943,95.871635
4944,103.77684
4945,94.470535
4947,112.468185
4948,94.021286
4951,94.784996
4952,112.46727
4953,94.117065
4956,94.680275
4957,113.85872
4958,94.24036
4960,94.784996
4968,94.53981
4969,103.24954
4971,103.15391
4973,112.55678
4975,113.67147
4976,94.0923
4978,94.21232
4979,113.57622
4982,95.04107
4983,112.05072
4984,101.289345
4985,116.8438
4986,94.29833
4987,116.55232
4988,94.86619
4994,94.3461
4995,95.168495
5002,78.83026
5004,94.67638
5005,103.05146
5006,95.23358
5007,103.000854
5009,112.96809
5011,112.55678
5014,94.451515
5015,104.13721
5018,94.336754
5019,112.68042
5020,93.83535
5021,112.22369
5022,94.77779
5023,94.68098
5025,95.871635
5032,94.8291
5034,95.60903
5036,93.84036
5038,94.79196
5039,112.45012
5046,95.63783
5049,112.68042
5051,94.44625
5052,93.538895
5053,112.55678
5054,95.871635
5055,94.79457
5057,94.46564
5059,94.230194
5062,96.80519
5063,114.17271
5065,112.71702
5069,94.267746
5071,95.93727
5074,113.374084
5075,93.74604
5076,113.04997
5077,78.86136
5079,103.99154
5080,94.53127
5081,112.55678
5083,103.75514
5088,104.024635
5089,94.34092
5093,112.145805
5094,104.04368
5095,94.58184
5099,111.94654
5101,112.67026
5103,103.27239
5104,94.18868
5105,112.2201
5107,93.662735
5108,113.12755
5109,94.16478
5111,94.60852
5112,112.468185
5113,94.47377
5114,112.48024
5115,94.64124
5118,94.92387
5122,95.871635
5123,78.74907
5125,94.57595
5127,103.3774
5128,95.461105
5129,115.66029
5132,95.23358
5134,112.94598
5135,94.57595
5137,113.64818
5142,93.67422
5143,104.052986
5144,94.5207
5148,94.120056
5149,94.51159
5150,105.036354
5154,78.86136
5155,94.77307
5159,93.547935
5164,94.8043
5165,113.2228
5166,94.21232
5167,113.15387
5169,93.74604
5171,94.36237
5172,112.79469
5176,95.051056
5184,111.698265
5185,94.47124
5186,112.364815
5188,104.92256
5189,113.006714
5190,94.32854
5191,113.2228
5193,112.79469
5196,94.65341
5199,78.25878
5200,104.055016
5203,93.88822
5204,112.62835
5205,94.12961
5207,94.555145
5208,111.56297
5212,94.64332
5214,93.18978
5218,93.71724
5220,94.461075
5222,93.85377
5224,96.80887
5225,104.03583
5227,111.63858
5229,104.03583
5232,93.85377
5233,117.30129
5234,104.43209
5237,112.34773
5239,112.403145
5240,94.01204
5241,112.68042
5244,94.275276
5248,112.44183
5251,93.751015
5253,94.65335
5255,94.56829
5256,102.71425
5257,94.67958
5259,96.48256
5260,111.99216
5266,94.784996
5268,94.68661
5275,112.55678
5276,112.68373
5277,94.60242
5279,94.56829
5280,104.03583
5281,95.16202
5283,94.882614
5284,78.680695
5285,95.168495
5286,104.052986
5287,93.769455
5289,94.1519
5290,112.79469
5292,106.37011
5293,94.53127
5294,103.26958
5297,94.336754
5299,104.27721
5302,94.56649
5305,78.11132
5306,94.56829
5308,93.74111
5309,94.76486
5310,112.52521
5312,112.57517
5316,112.64124
5317,94.81514
5319,78.87827
5320,95.871635
5323,93.70388
5329,113.346176
5331,112.46185
5334,113.50406
5336,112.79469
5338,104.13108
5341,94.57662
5345,95.2219
5348,94.680275
5349,112.938324
5355,104.30325
5356,94.57595
5360,105.609634
5362,112.26281
5364,112.82051
5366,104.208
5367,94.69552
5368,94.76736
5370,94.904564
5371,78.828
5373,104.08862
5375,112.34773
5376,93.660545
5378,112.82051
5379,94.38301
5383,94.239655
5384,103.314445
5389,114.17271
5391,78.86136
5393,112.1713
5395,114.30063
5397,112.36164
5398,92.958405
5399,113.15622
5401,116.68248
5402,93.946976
5403,112.80877
5404,94.688515
5407,78.96778
5408,93.732475
5413,112.13174
5414,94.4487
5417,94.53797
5418,106.37011
5420,113.462425
5421,93.96931
5424,94.14431
5425,112.62835
5426,94.36582
5429,113.38134
5431,94.215324
5437,103.066376
5440,93.67825
5444,104.67986
5446,104.31348
5447,93.77902
5451,94.31213
5452,111.917564
5455,104.43209
5456,94.77292
5458,94.15633
5459,112.63707
5460,94.79915
5462,94.79457
5463,112.54378
5464,94.336754
5465,112.64349
5466,96.032524
5467,104.025665
5468,94.570946
5469,112.552765
5472,94.67958
5474,93.80197
5475,111.831696
5476,95.168495
5479,104.03583
5480,112.55678
5482,111.894135
5485,94.79393
5486,116.971725
5488,79.28423
5495,104.03583
5496,94.28776
5497,112.64349
5499,112.771416
5503,94.021286
5504,94.45989
5507,95.871635
5509,94.16001
5511,94.292
5512,112.32704
5516,112.22503
5517,94.87083
5518,104.0274
5521,94.4674
5522,104.00838
5527,95.90982
5528,94.43244
5529,112.78876
5532,100.25669
5533,111.56433
5535,107.06017
5536,105.20121
5540,93.64894
5547,94.33361
5548,112.55772
5550,78.52961
5551,93.36881
5554,112.39737
5555,94.45325
5559,113.05071
5560,94.53674
5561,112.10138
5562,94.187546
5563,113.5391
5565,78.93628
5566,94.43141
5567,103.90296
5568,95.10902
5572,94.67187
5574,94.4674
5576,93.96488
5579,112.77735
5580,77.9887
5581,94.77831
5583,95.330795
5584,112.27943
5586,112.427605
5587,94.08601
5589,102.93734
5591,102.94367
5592,93.64101
5593,112.22116
5594,94.40857
5595,78.69644
5596,112.434074
5597,112.25001
5598,116.512054
5599,94.34783
5602,112.10962
5603,94.40857
5605,93.145546
5607,94.09257
5608,112.53999
5609,93.43254
5610,94.024826
5612,93.496735
5613,112.88401
5614,93.75482
5616,94.16063
5621,95.14473
5623,94.208145
5628,114.48989
5629,94.473656
5631,94.469826
5633,107.95842
5638,103.81835
5639,94.39269
5640,104.99422
5645,94.413864
5646,78.70553
5649,94.83364
5653,112.86104
5655,113.1001
5656,94.66229
5658,94.58694
5662,116.75377
5663,94.43325
5667,94.739815
5670,94.34783
5671,102.94367
5672,94.39269
5673,103.44205
5674,94.326
5675,103.22109
5676,95.200386
5679,112.434074
5683,112.46792
5687,94.40857
5688,78.6434
5690,93.63263
5691,112.52269
5692,93.69311
5693,112.41884
5694,94.41527
5697,112.73894
5698,94.395584
5699,112.434074
5704,94.55688
5707,112.434074
5709,103.90296
5710,94.558075
5714,94.18943
5718,94.326
5721,94.450455
5723,94.47816
5724,112.594315
5725,94.43244
5726,112.31074
5729,95.74893
5730,104.0274
5731,94.46737
5733,78.24542
5736,93.61841
5741,103.03175
5745,112.55772
5747,94.134605
5748,104.00838
5750,112.91805
5751,93.95855
5752,94.55201
5754,93.375145
5755,94.64906
5757,95.03043
5758,116.580795
5760,103.13351
5762,103.227425
5766,112.10223
5768,95.74893
5769,117.17859
5770,94.442604
5771,112.45247
5772,94.14772
5773,111.92925
5774,93.841675
5776,94.09851
5777,112.434074
5778,94.00358
5780,112.327415
5782,93.37643
5783,77.22711
5784,95.74893
5786,94.42884
5788,94.750404
5789,113.12822
5790,94.34783
5791,103.913124
5793,105.63432
5794,94.46737
5796,116.7211
5797,94.23649
5801,93.40147
5803,94.40857
5804,112.76854
5805,93.496735
5806,78.738655
5808,112.55772
5813,94.55688
5815,95.14576
5816,105.086105
5822,94.74811
5823,112.434074
5825,105.37335
5827,112.077675
5829,102.94367
5830,94.45392
5831,112.75694
5832,94.19503
5833,112.55772
5837,114.31007
5838,93.61841
5839,94.61013
5842,104.99422
5844,112.14385
5845,102.87302
5846,113.01947
5848,78.738655
5850,112.82327
5851,95.85175
5853,95.74893
5854,104.0274
5858,104.99422
5860,113.99713
5864,103.79652
5866,94.55273
5867,112.434074
5868,93.43254
5869,112.29181
5870,95.010124
5871,113.36161
5874,113.1001
5876,112.63531
5877,93.87222
5878,93.87436
5879,112.55772
5880,93.84079
5884,93.29605
5886,112.505646
5890,101.89966
5896,94.46737
5897,103.0853
5898,95.74893
5901,103.761154
5903,112.434074
5906,94.024826
5908,112.434074
5909,94.089615
5910,112.88401
5911,94.461624
5912,112.69781
5914,113.1001
5919,112.434074
5924,95.92741
5926,94.450455
5929,103.90296
5930,94.063965
5932,95.22327
5933,112.657814
5934,94.34853
5935,111.89926
5936,93.8466
5937,112.895935
5938,95.02474
5939,111.77474
5942,112.7276
5943,94.55688
5944,104.1512
5946,112.34457
5951,93.69311
5953,103.16669
5954,94.55688
5957,103.871574
5961,94.24487
5962,104.85308
5964,79.140076
5965,94.160965
5968,113.1001
5969,94.10749
5974,94.12008
5975,111.88745
5978,78.52961
5981,103.871574
5982,94.955
5983,112.971176
5989,111.70222
5991,94.450455
5992,103.53678
5995,94.5811
5996,102.929474
5997,112.07366
5998,94.10117
5999,77.36439
6001,113.11762
6002,94.18782
6003,111.81993
6004,94.55688
6006,112.69781
6007,94.212906
6011,102.61194
6012,103.871574
6014,94.461624
6015,103.58782
6016,94.788284
6017,113.55184
6018,95.74893
6024,95.200386
6025,105.11665
6026,112.90931
6028,112.63634
6029,78.749825
6030,94.4303
6036,113.1001
6040,93.496735
6041,112.71721
6042,94.43311
6044,94.53786
6045,103.7573
6047,103.852554
6048,94.273125
6049,112.72802
6051,116.512054
6052,112.85124
6053,93.7374
6054,112.30214
6058,104.22523
6059,94.273125
6062,95.74893
6063,116.7211
6064,103.65763
6065,93.496735
6067,94.92502
6068,112.67199
6070,103.160355
6071,104.6563
6072,112.505646
6080,112.505646
6081,94.326
6084,104.85308
6087,94.73857
6089,106.08819
6092,112.505646
6094,93.59969
6095,112.434074
6097,113.068695
6100,94.219025
6104,104.9943
6105,93.36881
6106,112.603584
6107,78.33657
6108,93.959366
6109,112.505646
6110,94.10763
6114,112.505646
6116,93.297935
6117,103.97699
6118,94.58694
6123,78.49542
6125,112.434074
6128,112.67977
6130,103.64069
6132,112.509895
6137,78.52961
6139,112.86686
6140,94.56581
6141,113.068695
6142,103.93132
6144,111.76048
6145,95.16269
6146,94.10749
6149,93.327126
6156,94.95979
6159,113.05861
6160,94.56581
6162,103.44301
6164,113.020065
6165,94.12454
6168,78.52961
6169,112.55772
6170,93.46276
6171,112.8195
6172,92.83536
6173,114.218506
6176,95.74893
6177,93.13243
6178,94.48843
6180,94.43244
6181,103.7573
6182,94.46334
6185,93.73626
6186,112.29181
6188,112.33851
6189,95.03043
6192,104.85308
6193,94.55688
6194,103.7573
6195,94.44117
6196,115.328545
6197,93.47371
6201,112.29181
6202,94.024826
6203,112.82924
6204,93.36881
6207,116.84902
6209,94.918365
6210,93.56285
6211,112.895935
6213,112.29181
6216,92.83536
6217,94.09396
6219,93.496735
6222,78.84508
6223,94.43141
6235,95.74893
6240,94.43141
6242,94.00705
6247,94.326
6251,112.722
6254,112.90029
6255,95.22327
6260,102.8766
6261,94.461624
6262,103.991776
6264,111.80549
6269,103.64069
6271,104.11981
6275,112.753105
6276,94.19503
6278,94.45392
6279,112.55772
6281,113.02283
6284,93.77637
6286,94.650215
6287,78.12858
6288,94.45325
6292,94.55827
6293,93.36881
6295,92.593956
6298,112.69781
6300,112.47425
6304,103.7573
6308,112.6083
6310,94.493805
6312,112.505646
6320,94.46737
6324,93.38119
6325,112.73894
6330,95.43403
6336,112.07366
6340,104.11981
6341,95.74893
6342,104.587204
6344,93.987114
6345,112.67199
6347,112.55772
6348,95.73395
6349,112.69781
6351,78.738655
6353,112.777405
6354,93.36881
6357,95.186676
6358,103.64351
6360,103.651886
6363,114.48989
6364,93.731064
6368,110.590775
6370,93.27168
6371,93.66583
6377,95.299965
6379,93.43495
6381,94.1373
6382,78.200836
6383,110.90004
6388,110.013466
6390,110.437675
6392,101.3625
6393,93.63599
6395,94.37107
6398,101.33893
6401,78.200836
6402,93.41233
6403,111.26815
6405,93.36238
6406,93.098564
6407,110.934715
6409,102.69787
6411,91.840904
6413,93.84436
6416,104.3416
6417,93.85699
6418,93.74902
6419,115.23019
6420,110.46438
6426,111.19674
6429,93.15055
6430,93.64944
6431,111.26815
6432,94.10043
6434,93.89109
6437,111.216034
6438,93.75488
6439,102.22671
6440,93.84436
6441,93.321106
6442,110.62158
6443,95.07234
6445,93.43615
6448,110.934715
6450,111.045166
6453,94.437096
6455,93.27368
6457,93.281845
6458,111.06203
6461,93.77873
6464,111.09837
6467,93.418495
6469,95.13616
6470,78.14916
6471,93.672676
6473,102.01766
6474,93.5299
6479,93.77873
6481,93.8335
6484,110.58886
6495,94.11842
6496,112.70644
6505,111.1922
6506,95.01155
6508,94.8558
6509,93.738945
6510,102.602615
6512,102.507904
6513,93.738945
6514,111.589874
6515,93.591675
6519,93.85727
6521,93.61348
6523,77.99179
6525,103.86267
6526,93.54073
6528,93.75209
6529,111.38583
6531,102.27382
6533,103.66366
6534,93.5299
6535,110.84521
6536,92.63506
6537,110.91849
6540,93.74902
6541,110.90004
6547,93.42694
6548,110.905266
6551,110.55463
6553,110.94321
6555,103.75891
6556,94.8558
6561,77.80286
6564,93.27616
6565,110.84521
6568,93.394165
6569,110.62158
6573,102.44127
6574,93.77873
6577,110.903854
6579,114.45658
6581,93.28956
6582,111.26815
6585,104.2645
6586,94.33013
6589,101.49077
6590,78.30726
6593,93.89757
6594,110.6046
6595,92.48188
6599,93.27688
6600,94.57106
6601,111.16743
6602,92.83793
6603,110.934715
6604,92.64483
6607,102.385025
6608,102.87983
6609,93.395325
6611,94.111404
6613,110.62158
6614,94.03188
6616,93.48102
6617,110.62158
6618,93.738945
6619,101.91877
6621,103.75891
6627,102.642975
6629,110.79661
6631,77.9576
6634,94.37107
6636,93.738945
6638,93.394165
6639,110.62158
6641,110.934715
6642,94.252625
6651,113.1772
6654,78.647934
6657,93.85252
6663,92.904236
6665,110.311615
6666,93.46158
6668,93.738945
6669,103.75891
6670,93.986
6671,93.43017
6673,93.84436
6675,93.35819
6676,78.200836
6677,93.84436
6679,94.4397
6680,111.476105
6681,102.602615
6685,102.602615
6688,93.640434
6689,92.48188
6690,110.08398
6692,110.62158
6693,94.172
6694,93.733986
6698,115.23019
6699,93.36247
6700,111.118
6701,93.281845
6702,110.33285
6704,92.48188
6707,110.62821
6712,110.934715
6713,94.1752
6715,93.14695
6721,110.41884
6722,92.79828
6723,110.79245
6724,93.88513
6725,115.23019
6731,111.52954
6735,93.294914
6736,93.14062
6737,107.94733
6738,93.83608
6739,102.57839
6741,101.741455
6743,93.548355
6745,93.738945
6747,111.14233
6749,93.14322
6750,102.50946
6751,114.44341
6752,93.63599
6753,110.62158
6755,114.979294
6756,93.67377
6757,102.42225
6759,110.96231
6761,93.873344
6763,93.672676
6764,115.40857
6765,93.87771
6766,111.410065
6768,111.04013
6771,92.48188
6773,93.5299
6774,93.93319
6778,102.63213
6779,94.99695
6781,92.686516
6784,93.758965
6786,93.25278
6787,110.81198
6790,92.793304
6793,103.43554
6795,110.42571
6798,110.75132
6806,104.07044
6807,93.367615
6810,93.536156
6815,110.46866
6816,93.18707
6817,102.15186
6818,93.738945
6819,102.502
6820,93.51328
6822,93.34252
6823,114.53903
6824,110.70417
6825,93.43436
6828,78.67432
6829,111.22738
6831,109.925705
6832,92.137245
6833,110.915634
6834,93.672676
6836,95.113785
6837,110.738846
6838,93.621925
6840,101.628845
6843,92.63077
6845,92.4851
6846,92.61199
6847,110.82038
6851,111.086945
6852,93.287254
6853,111.86476
6858,93.85842
6861,110.857285
6863,110.97156
6864,78.30726
6865,92.99564
6866,110.5298
6867,94.76679
6868,102.65293
6869,93.738945
6870,110.70417
6874,110.17305
6875,93.061325
6877,110.84426
6878,93.27168
6880,93.66583
6883,110.21413
6884,94.03313
6886,94.22991
6890,94.19872
6893,110.27004
6894,93.51737
6899,110.84426
6900,93.27168
6904,92.71113
6905,110.433685
6906,92.91168
6910,94.94678
6912,102.50696
6913,111.42625
6920,92.93347
6922,93.86581
6923,110.42571
6926,93.663826
6927,110.14561
6928,92.69709
6931,110.755394
6933,93.5318
6936,92.057785
6937,110.738846
6939,116.63537
6941,93.64361
6942,111.621956
6943,93.88923
6944,101.04824
6945,94.08619
6946,110.714874
6947,114.652824
6949,102.502
6951,102.25573
6953,112.10888
6954,93.16805
6955,110.74482
6963,109.997055
6964,93.84238
6966,94.1373
6968,92.45999
6970,102.406746
6972,112.18794
6976,110.75534
6978,110.5298
6981,101.18032
6985,102.21834
6986,93.14322
6987,111.22632
6989,111.54963
6991,114.53903
6993,112.01502
6994,93.61451
6995,110.75475
6996,93.96026
6997,111.020164
6998,77.89453
7001,109.997055
7003,112.33976
7006,93.97977
7008,102.35251
7010,92.4851
7011,92.62934
7012,116.79757
7013,93.763084
7014,110.18146
7017,102.03618
7018,93.738945
7019,92.19324
7023,93.65137
7024,101.88658
7025,92.91833
7026,110.64824
7027,93.577995
7028,112.52204
7030,110.42571
7031,93.09372
7033,111.25333
7036,93.16435
7037,93.34108
7039,93.712715
7044,93.99282
7045,110.738846
7046,100.93557
7049,102.504944
7050,94.51803
7051,102.406746
7054,110.24897
7055,94.332245
7057,93.5318
7060,110.84426
7061,94.8558
7063,91.92654
7064,110.50071
7067,93.66583
7071,93.44518
7074,102.14762
7075,93.84436
7078,110.738846
7079,92.48188
7080,112.772575
7081,93.37539
7082,110.738846
7083,92.61988
7085,111.64444
7092,102.502
7094,93.65462
7100,93.00043
7101,110.20494
7102,110.5298
7104,110.365204
7105,94.8558
7106,93.72928
7107,101.515755
7108,77.946526
7109,92.917984
7110,110.738846
7112,93.52693
7113,102.406746
7114,93.57467
7116,110.64934
7117,94.8558
7118,102.585785
7120,93.43041
7121,102.04131
7123,101.63518
7124,96.09457
7127,105.04867
7131,101.63518
7132,93.738945
7133,92.735664
7134,110.32476
7135,92.48188
7136,111.08218
7137,92.732185
7141,93.74081
7144,102.502
7147,111.124344
7148,93.034935
7150,92.148155
7151,93.43041
7152,101.628845
7154,93.02374
7156,94.252625
7157,102.267525
7159,114.74808
7161,94.69785
7163,93.84436
7164,101.26535
7167,78.21775
7169,102.164406
7170,93.43041
7173,93.84436
7174,102.02658
7177,110.47272
7178,103.82396
7179,93.84436
7180,78.03747
7181,110.552986
7182,93.11206
7184,93.738945
7185,111.020164
7186,91.13954
7187,113.5717
7188,93.57627
7189,110.8111
7191,101.938576
7193,109.997055
7197,96.75504
7199,91.9282
7200,110.738846
7201,92.48188
7204,93.27168
7207,110.54815
7209,110.97156
7210,93.738945
7211,102.81075
7213,93.21569
7214,111.020164
7216,111.020164
7217,94.172
7220,110.75475
7224,110.42571
7225,93.39511
7226,111.020164
7227,93.84436
7234,111.020164
7236,92.453606
7239,102.59145
7240,93.350945
7242,114.5235
7244,110.99303
7245,92.843
7247,110.4324
7248,92.53336
7249,114.94395
7250,110.92619
7251,93.167915
7252,110.76919
7253,77.65355
7256,92.692
7260,93.01897
7261,110.93717
7264,93.199844
7269,110.90577
7270,92.628136
7273,111.04013
7279,92.59014
7281,110.748856
7284,92.15267
7285,111.497055
7286,114.94395
7287,92.6422
7289,93.085236
7292,92.16099
7293,110.934715
7296,91.8422
7297,110.70727
7298,91.93298
7299,112.741615
7301,101.78118
7304,111.05282
7306,118.07442
7308,93.085236
7309,100.62868
7312,92.0493
7313,77.65355
7314,93.28292
7316,92.49928
7319,114.515144
7321,92.97733
7323,93.729225
7324,101.892525
7325,93.19065
7328,102.26393
7330,77.5583
7334,93.19065
7337,111.216034
7338,93.10175
7339,93.34131
7341,92.74241
7342,111.216034
7344,111.22543
7345,110.65127
7347,109.58837
7349,110.748856
7350,93.11754
7353,111.99905
7355,110.68989
7356,93.05057
7357,111.26979
7358,93.12502
7360,91.89717
7363,102.8695
7364,93.728745
7366,92.80148
7368,93.09838
7369,110.29651
7370,92.79624
7373,92.45835
7374,110.69247
7375,92.98228
7377,93.12502
7379,91.994774
7380,115.31332
7382,111.88888
7383,93.23768
7385,92.98228
7386,102.38837
7391,93.32488
7394,110.53855
7396,110.92619
7397,92.95977
7399,93.12502
7400,102.47195
7403,77.5583
7405,111.219505
7408,110.77742
7414,111.16743
7416,102.805954
7417,92.39435
7419,92.71779
7420,111.346
7421,92.874756
7422,93.63924
7423,102.42949
7425,77.65355
7430,92.90667
7432,92.78244
7433,93.71249
7434,110.66705
7436,109.83062
7437,92.26462
7438,102.27858
7440,102.75314
7441,92.97383
7442,111.39534
7445,111.1352
7446,102.47298
7448,110.293434
7450,101.416664
7451,92.98998
7454,112.440926
7455,92.07324
7457,110.52485
7459,102.47298
7462,92.74241
7464,92.98998
7465,110.21636
7466,92.861885
7467,111.32144
7469,112.411705
7472,92.9608
7473,110.62158
7479,93.19065
7480,102.69787
7484,110.94897
7491,92.97881
7494,102.52606
7495,92.77323
7501,92.840614
7503,93.059006
7504,102.602615
7505,91.99112
7508,111.09837
7509,92.372185
7510,77.65355
7511,110.590775
7515,92.8702
7516,103.489
7517,93.09342
7518,104.8242
7519,92.76977
7521,93.012276
7522,102.34349
7524,102.652794
7526,102.47195
7527,92.99576
7528,101.65531
7529,92.889336
7534,109.84953
7537,110.71678
7538,93.90827
7540,92.50691
7541,110.90197
7545,110.90004
7551,111.622116
7553,92.97881
7554,101.60244
7555,93.6226
7561,111.053154
7562,93.678535
7564,92.603325
7565,103.681694
7566,92.741615
7567,111.31921
7569,101.52182
7570,93.09594
7571,113.1772
7572,92.47935
7574,102.5122
7578,111.21692
7579,93.46328
7586,92.28018
7587,79.78836
7590,93.085236
7593,110.62158
7594,92.46312
7595,92.741615
7600,91.89717
7601,77.74234
7602,92.72339
7603,110.820854
7604,91.9035
7606,92.6422
7608,111.41307
7613,77.54713
7615,111.10981
7616,109.84029
7617,113.12526
7618,92.99576
7619,102.602615
7622,93.41509
7623,101.65531
7624,93.2048
7625,102.36935
7626,92.76977
7627,101.88619
7628,77.395004
7631,103.63063
7632,102.602615
7633,93.597885
7634,119.684654
7635,92.88627
7636,111.216034
7637,111.216034
7639,92.01665
7640,77.54713
7644,110.934715
7645,92.72339
7648,102.48882
7649,91.715004
7650,110.90004
7652,110.21636
7653,92.972145
7655,92.98969
7659,110.833466
7662,94.27796
7664,92.9899
7666,95.597755
7668,92.71779
7669,111.24061
7670,93.59466
7672,92.92105
7673,110.05024
7678,92.82881
7679,77.97
7680,103.66366
7683,91.87238
7685,114.94395
7688,93.085236
7690,109.84029
7692,92.76977
7693,93.15973
7695,111.216034
7696,92.98228
7698,92.33039
7699,111.272064
7702,92.44536
7703,111.216034
7704,93.09342
7707,110.590775
7713,77.93832
7715,102.75077
7717,110.17775
7718,92.009056
7719,102.18738
7721,110.57313
7722,93.466545
7725,101.08019
7727,101.22707
7730,77.05484
7733,90.78702
7735,101.21147
7740,110.42188
7741,110.80358
7742,91.856255
7744,111.16897
7747,91.64619
7750,76.82027
7752,110.38095
7754,109.91743
7756,103.71186
7757,92.8822
7758,103.73207
7760,102.769585
7761,91.99798
7763,109.252174
7765,92.34363
7767,110.42188
7768,92.9387
7771,91.88724
7773,91.73813
7774,113.55062
7776,102.18818
7779,92.031555
7783,91.58418
7786,104.75877
7787,91.813034
7789,92.400955
7791,91.97134
7793,92.04
7794,109.58538
7795,91.92228
7799,76.92669
7800,110.30153
7802,92.28521
7805,109.68186
7807,101.18858
7808,92.09428
7811,101.97101
7817,108.76611
7818,101.81802
7819,92.08523
7822,91.05015
7823,110.34528
7825,110.77968
7828,91.91534
7832,99.1315
7833,76.65991
7834,110.65221
7835,92.23821
7837,91.88024
7840,90.2876
7842,92.21275
7843,110.697205
7844,92.18048
7846,91.99798
7850,91.7992
7853,110.50741
7855,111.6657
7858,92.400955
7863,110.28192
7865,109.97335
7866,91.74706
7868,91.3851
7869,109.95886
7871,76.77945
7872,101.250175
7874,101.49666
7877,108.859634
7878,92.71146
7879,109.4286
7881,91.998344
7883,91.80796
7885,101.2742
7886,92.13179
7889,94.29168
7890,102.54517
7891,91.60301
7893,92.32669
7894,101.007164
7896,110.10589
7898,100.96044
7901,91.01362
7902,108.73649
7904,110.29968
7905,92.28138
7906,118.51061
7909,92.18048
7910,100.81785
7913,92.11791
7918,110.021416
7919,91.10131
7923,91.555336
7925,91.56073
7927,91.03564
7930,92.1188
7932,92.78039
7933,92.19241
7935,90.94788
7939,101.71566
7942,91.80969
7943,110.303116
7945,101.92791
7946,92.25136
7948,92.135254
7949,109.77456
7950,91.96268
7951,110.42188
7955,102.370445
7959,92.65457
7960,110.42188
7961,91.512054
7962,102.29806
7964,102.616646
7965,91.90703
7966,109.97335
7967,102.510666
7968,92.735825
7971,102.269226
7974,91.10131
7976,110.83902
7978,110.22771
7982,110.42188
7983,92.18048
7984,101.91328
7986,91.7914
7989,109.77456
7991,108.73649
7992,109.909386
7993,91.78512
7994,109.764305
7995,99.1315
7997,92.28795
7998,101.91328
7999,108.76611
8002,93.07737
8007,91.99539
8009,92.76041
8011,92.155876
8013,91.60803
8015,101.63448
8017,110.48141
8019,114.096924
8023,92.400955
8024,110.95594
8026,109.7076
8027,91.79586
8029,92.597664
8030,110.75699
8031,91.86401
8033,92.74839
8035,92.2859
8036,102.3306
8039,103.71072
8042,91.40449
8044,92.66874
8046,77.0369
8048,111.76063
8049,92.28138
8050,102.41085
8053,92.04345
8054,92.67263
8059,91.05015
8061,92.042946
8062,110.43117
8064,110.57418
8066,101.91726
8067,92.071396
8068,92.35778
8070,92.34363
8071,110.50741
8072,92.382515
8076,91.2641
8080,91.904945
8081,110.73185
8084,102.37021
8087,110.18512
8089,90.99263
8090,114.56155
8091,102.40981
8094,111.0931
8100,91.867424
8101,92.21538
8110,92.1044
8111,108.73649
8112,92.42895
8115,110.12122
8116,92.81927
8118,110.57418
8121,114.32543
8125,110.072334
8127,109.99907
8128,92.38531
8129,108.73649
8131,92.06023
8138,92.07776
8139,101.500084
8140,91.05015
8141,91.73813
8142,110.665955
8143,110.5925
8145,109.7076
8146,91.18133
8148,110.320404
8153,110.599754
8154,91.37294
8155,117.208694
8161,92.17538
8162,110.78463
8163,91.645325
8166,112.23894
8168,112.67199
8170,94.44149
8172,111.51588
8173,93.375015
8176,104.00838
8179,94.17787
8181,94.28846
8182,116.7211
8184,112.23894
8190,104.91365
8191,94.29735
8194,112.89634
8196,111.86108
8198,112.67199
8199,112.22503
8201,112.3246
8202,91.2915
8207,91.93051
8208,109.40482
8211,110.64614
8214,110.80862
8217,92.19581
8218,111.53813
8222,92.626114
8229,104.24002
8231,92.5331
8233,93.988815
8236,92.24868
8238,111.01751
8240,101.16589
8243,102.37872
8246,112.371254
8250,91.9749
8254,93.87093
8256,76.31717
8257,111.14
8258,91.76994
8260,92.626114
8261,110.9866
8263,113.44059
8264,91.48674
8267,109.6775
8268,91.59151
8271,91.96343
8272,109.40482
8275,93.78958
8276,92.70594
8277,105.26761
8278,117.73427
8279,92.95603
8280,109.984215
8281,92.51969
8282,110.988716
8287,110.43058
8288,91.47123
8289,111.01751
8294,91.81555
8296,92.15885
8299,110.887726
8302,102.00099
8308,110.71985
8314,101.9722
8315,92.695724
8316,110.141495
8317,92.65263
8319,112.37188
8320,90.967834
8321,117.86219
8323,92.700005
8325,92.73496
8326,110.4015
8328,109.40482
8330,111.44305
8331,92.193665
8332,114.587746
8334,92.53664
8338,91.7233
8339,95.11773
8341,91.59151
8345,110.33718
8346,92.21256
8347,101.9722
8349,92.65737
8351,92.61053
8352,112.049324
8353,109.40482
8355,110.78382
8358,109.65674
8359,111.10162
8360,92.5331
8361,110.33085
8363,101.89558
8364,92.73153
8365,92.86486
8366,101.51027
8370,110.523224
8372,92.81957
8376,93.2701
8377,111.52112
8379,110.74991
8380,91.94838
8381,113.21461
8386,90.83466
8388,100.78889
8389,92.754036
8391,112.254555
8394,93.87093
8396,102.07192
8398,101.9722
8400,112.5251
8401,90.852394
8404,91.59151
8407,93.11018
8408,110.15486
8409,109.26488
8410,102.07192
8411,91.59982
8413,91.89759
8414,109.62247
8416,91.36812
